score,soal 1,soal 2,soal 3,soal 4,soal 5,soal 6,soal 7,soal 8,soal 9,soal 10,soal 11,soal 12,soal 13,soal 14,soal 15,soal 16,soal 17,soal 18,soal 19,soal 20,soal 21,soal 22,soal 23,soal 24,soal 25,soal 26,soal 27,soal 28,soal 29,soal 30
93%,finding,onto,are retain,teacher,can combined,pass,which,effect,overly,form,little relatively,although,waters,and versatille,who,twelve,economy,cultivation,another,reach at,also,a,are called,proclaiming,is result,establish,was enabled,physically,of functions,earliest
83%,finding,onto,are retain,teacher,can combined,pass,which,effect,not untill,because the,little relatively,thypical,waters,and versatille,who,twelve,highly,cultivation,another,reach at,also,by which,are called,proclaiming,is result,establish,was enabled,physically,of functions,earliest
83%,finding,onto,most of,teacher,can combined,pass,which,effect,overly,form,little relatively,although,waters,and versatille,who,twelve,chemical,cultivation,to be subjected,reach at,also,a,are called,proclaiming,is result,establish,extremely tall,physically,of functions,earliest
83%,finding,onto,are retain,teacher,can combined,pass,which,helping,overly,form,little relatively,although,waters,and versatille,who,twelve,chemical,cultivation,to be subjected,reach at,also,a,all over,proclaiming,is result,establish,was enabled,physically,of functions,earliest
80%,finding,onto,are retain,teacher,can combined,pass,which,effect,overly,neighboring,little relatively,although,waters,ranging,who,twelve,highly,cultivation,to be subjected,reach at,also,ending,are called,proclaiming,is result,By,was enabled,physically,of functions,earliest
77%,finding,onto,are retain,teacher,in any,pass,which,effect,overly,neighboring,little relatively,although,waters,and versatille,who,twelve,chemical,housing,to be subjected,reach at,also,a,are called,1,is result,establish,was enabled,physically,of functions,earliest
77%,finding,onto,are retain,teacher,can combined,consist of,which,effect,overly,form,little relatively,thypical,waters,and versatille,who,twelve,chemical,cultivation,to be subjected,reach at,also,a,are called,1,some,establish,was enabled,physically,of functions,earliest
77%,finding,onto,are retain,teacher,can combined,pass,which,effect,not untill,form,little relatively,thypical,waters,and versatille,who,twelve,chemical,cultivation,to be subjected,reach at,also,ending,are called,1,is result,establish,was enabled,physically,of functions,earliest
73%,finding,onto,are retain,teacher,can combined,consist of,which,effect,overly,because the,little relatively,thypical,waters,and versatille,who,twelve,highly,cultivation,another,reach at,also,by which,have a direct,1,some,establish,was enabled,physically,of functions,earliest
73%,finding,During the,are retain,teacher,can combined,consist of,which,effect,overly,form,little relatively,thypical,waters,and versatille,who,twelve,highly,cultivation,to be subjected,reach at,also,ending,are called,proclaiming,some,By,was enabled,physically,of functions,who
70%,finding,onto,are retain,teacher,can combined,pass,which,effect,overly,form,little relatively,although,to function,and versatille,characters,twelve,chemical,cultivation,has little,reach at,also,by which,are called,proclaiming,is result,By,to design,physically,the expenditure,earliest
70%,finding,onto,are retain,teacher,can combined,pass,which,effect,overly,neighboring,little relatively,thypical,waters,and versatille,who,twelve,exporter,cultivation,has little,reach at,also,by which,all over,1,is result,By,was enabled,physically,of functions,earliest
70%,finding,onto,are retain,teacher,can combined,pass,which,effect,not untill,form,little relatively,thypical,waters,ranging,who,twelve,economy,housing,another,before they,also,ending,are called,1,is result,establish,was enabled,physically,of functions,earliest
67%,finding,onto,in foods,teacher,can combined,pass,the early,effect,hidden away,form,little relatively,although,waters,and versatille,portayed,twelve,exporter,cultivation,has little,reach at,three times since,a,all over,1,is result,establish,was enabled,physically,of functions,earliest
63%,finding,onto,are retain,teacher,can combined,through,which,effect,overly,because the,little relatively,thypical,waters,and versatille,portayed,twelve,highly,led to,to be subjected,reach at,three times since,a,are called,number,is result,By,was enabled,physically,of functions,who
63%,finding,During the,been canned,teacher,can combined,darkened,which,effect,overly,form,little relatively,thypical,waters,and versatille,who,had emerged,highly,cultivation,has little,reach at,also,ending,are called,1,some,By,was enabled,physically,of functions,who
63%,finding,onto,are retain,teacher,in any,through,which,effect,overly,because the,little relatively,thypical,waters,and versatille,portayed,twelve,economy,cultivation,to be subjected,reach at,also,ending,are called,1,is result,establish,was enabled,physically,of functions,who
60%,cool,onto,are retain,teacher,can combined,pass,which,effect,overly,form,Most,its,to function,and versatille,who,had emerged,chemical,cultivation,another,reach at,oldest,a,are called,proclaiming,is result,By,or,is,of functions,from
60%,finding,onto,in foods,teacher,can combined,through,which,effect,not untill,form,little relatively,although,waters,and versatille,portayed,By,economy,cultivation,to be subjected,reach at,also,ending,all over,number,is result,establish,or,physically,of functions,earliest
60%,finding,onto,in foods,teacher,can combined,pass,which,effect,overly,from which,little relatively,its,waters,and versatille,who,twelve,chemical,cultivation,another,reach at,three times since,each,all over,number,some,establish,or,physically,of the body,earliest
57%,finding,During the,are retain,her ault life,can combined,pass,the early,effect,not untill,from which,little relatively,its,waters,tuned,who,twelve,exporter,cultivation,to be subjected,reach at,three times since,a,are called,number,is result,establish,to design,the,of functions,earliest
57%,finding,onto,are retain,teacher,can combined,darkened,which,effect,not untill,from which,little relatively,its,waters,and versatille,who,By,highly,cultivation,has little,reach at,three times since,by which,all over,1,change in,establish,or,physically,of functions,earliest
53%,finding,billion,been canned,teacher,can combined,through,the early,effect,hidden away,because the,little relatively,although,waters,and versatille,portayed,By,chemical,building supplies,another,reach at,also,ending,have a direct,proclaiming,from,By,extremely tall,physically,of functions,earliest
53%,finding,onto,been canned,teacher,can combined,darkened,the early,effect,hidden away,neighboring,little relatively,its,waters,and versatille,who,twelve,highly,housing,has little,may need,three times since,ending,all over,proclaiming,is result,establish,was enabled,physically,of functions,introduced
50%,finding,onto,in foods,teacher,can combined,through,the early,effect,not untill,neighboring,Most,although,waters,ranging,characters,twelve,economy,cultivation,to be subjected,reach at,three times since,a,are called,near,change in,establish,extremely tall,physically,of functions,earliest
50%,finding,onto,are retain,teacher,the strongest,consist of,which,effect,overly,form,Most,although,to function,ranging,who,twelve,chemical,cultivation,to be subjected,reach at,also,by which,have a direct,proclaiming,some,By,or,oldest,of the body,earliest
47%,finding,onto,most of,teacher,can combined,darkened,the early,effect,overly,from which,Most,thypical,waters,and versatille,portayed,had emerged,highly,housing,to be subjected,before they,three times since,by which,all over,proclaiming,is result,establish,or,physically,of functions,earliest
40%,pale,billion,been canned,her ault life,to,darkened,main industry,effect,not untill,neighboring,little relatively,other,whether,tuned,characters,twelve,highly,housing,another,reach at,also,a,all over,near,from,establish,extremely tall,physically,of functions,from
37%,covered,onto,in foods,teacher,can combined,darkened,which,effect,hidden away,neighboring,side to side,thypical,to function,tuned,characters,By,highly,housing,has little,up to,also,by which,on weather,proclaiming,is result,establish,or,oldest,of functions,earliest
37%,finding,onto,most of,teacher,can combined,darkened,the early,helping,not untill,from which,side to side,its,waters,ranging,who,By,exporter,led to,to be subjected,before they,also,a,have a direct,proclaiming,change in,By,to design,physically,of functions,earliest
37%,finding,onto,are retain,teacher,in any,darkened,the early,helping,hidden away,from which,little relatively,its,waters,ranging,portayed,twelve,exporter,cultivation,to be subjected,up to,three times since,each,have a direct,proclaiming,change in,establish,or,physically,of functions,who
37%,finding,onto,most of,teacher,can combined,darkened,the early,effect,not untill,neighboring,Most,its,to function,ranging,portayed,had emerged,highly,housing,another,reach at,three times since,by which,have a direct,number,is result,establish,was enabled,the,of the body,earliest
37%,finding,During the,are retain,her ault life,to,darkened,which,maintain,not untill,neighboring,little relatively,its,waters,and versatille,details,twelve,chemical,cultivation,has little,up to,three times since,by which,are called,1,some,establish,was enabled,the,the expenditure,who
37%,pale,During the,in foods,teacher,the strongest,darkened,which,effect,overly,because the,little relatively,other,waters,tuned,who,as an,highly,led to,to be subjected,may need,three times since,a,all over,1,is result,the,or,the,of the body,earliest
37%,finding,During the,are retain,teacher,the strongest,consist of,which,vigorous,hidden away,from which,little relatively,thypical,such as,ranging,who,twelve,highly,building supplies,to be subjected,up to,also,ending,all over,number,is result,By,was enabled,oldest,of energy,from
33%,pale,more than,in foods,teacher,in any,pass,which,effect,were discovered,because the,side to side,thypical,such as,and versatille,who,had emerged,chemical,cultivation,such as,reach at,three times since,each,on weather,number,is result,the,was enabled,the,of the body,introduced
33%,covered,onto,most of,program,can combined,darkened,production,maintain,overly,neighboring,little relatively,its,waters,tuned,portayed,had emerged,highly,housing,to be subjected,up to,originally,a,are called,proclaiming,some,establish,was enabled,is,of the body,introduced
33%,finding,onto,been canned,her ault life,the strongest,consist of,the early,effect,not untill,from which,little relatively,its,such as,ranging,who,had emerged,highly,led to,another,reach at,three times since,by which,all over,number,is result,establish,extremely tall,oldest,of functions,from
30%,covered,onto,are retain,program,can combined,darkened,main industry,maintain,were discovered,from which,side to side,although,waters,tuned,characters,twelve,chemical,housing,another,reach at,oldest,a,all over,1,is result,the,extremely tall,the,of energy,introduced
30%,finding,onto,in foods,teacher,can combined,consist of,main industry,effect,not untill,neighboring,Most,thypical,waters,ranging,portayed,twelve,economy,led to,has little,up to,three times since,ending,all over,near,from,establish,extremely tall,physically,the expenditure,earliest
30%,finding,onto,are retain,her ault life,,,which,effect,hidden away,from which,little relatively,,,modern,,as an,exporter,cultivation,,up to,oldest,,on weather,proclaiming,from,By,extremely tall,physically,the expenditure,earliest
30%,pale,During the,been canned,teacher,can combined,darkened,the early,effect,hidden away,neighboring,moving,its,waters,ranging,portayed,By,highly,cultivation,to be subjected,up to,originally,a,are called,proclaiming,from,By,or,the,of the body,introduced
27%,finding,onto,are retain,program,can combined,darkened,the early,vigorous,not untill,neighboring,little relatively,although,such as,tuned,portayed,had emerged,exporter,led to,to be subjected,may need,also,by which,are called,proclaiming,some,By,extremely tall,is,of energy,introduced
27%,finding,billion,most of,program,the strongest,pass,the early,helping,hidden away,because the,little relatively,other,waters,modern,characters,had emerged,economy,building supplies,another,up to,oldest,a,on weather,number,change in,establish,or,the,the expenditure,introduced
27%,finding,billion,are retain,her ault life,in any,darkened,the early,effect,hidden away,because the,Most,its,whether,modern,details,as an,highly,housing,has little,may need,also,each,all over,1,is result,first,to design,the,of functions,introduced
27%,finding,billion,are retain,by,the strongest,consist of,main industry,effect,were discovered,from which,Most,other,such as,ranging,characters,as an,exporter,housing,has little,may need,three times since,by which,on weather,proclaiming,is result,first,extremely tall,oldest,of functions,earliest
27%,finding,onto,in foods,teacher,can combined,through,the early,effect,overly,neighboring,side to side,other,waters,ranging,characters,twelve,exporter,housing,to be subjected,reach at,three times since,by which,on weather,1,some,By,to design,oldest,of the body,from
27%,cool,onto,been canned,teacher,to,pass,production,effect,hidden away,from which,little relatively,thypical,whether,and versatille,portayed,had emerged,exporter,led to,another,up to,three times since,ending,all over,1,change in,establish,or,physically,of the body,who
23%,pale,more than,are retain,teacher,to,darkened,the early,helping,hidden away,neighboring,Most,thypical,to function,and versatille,details,twelve,economy,building supplies,to be subjected,may need,three times since,each,on weather,proclaiming,from,first,extremely tall,physically,of functions,from
23%,finding,onto,in foods,by,in any,pass,the early,vigorous,overly,form,little relatively,thypical,whether,tuned,who,By,chemical,led to,such as,may need,three times since,ending,all over,1,some,first,or,is,the expenditure,earliest
23%,finding,onto,most of,her ault life,can combined,darkened,the early,effect,hidden away,from which,little relatively,its,waters,and versatille,who,By,exporter,housing,to be subjected,may need,three times since,by which,all over,1,change in,By,extremely tall,the,the expenditure,who
23%,pale,onto,most of,her ault life,the strongest,darkened,which,effect,overly,because the,little relatively,other,to function,tuned,who,as an,economy,led to,has little,reach at,three times since,by which,all over,1,some,By,extremely tall,the,of functions,introduced
20%,pale,During the,been canned,program,in any,darkened,main industry,helping,not untill,neighboring,little relatively,although,to function,and versatille,portayed,By,chemical,led to,has little,may need,originally,ending,all over,proclaiming,some,establish,extremely tall,oldest,of energy,earliest
20%,covered,billion,in foods,her ault life,can combined,darkened,the early,effect,hidden away,because the,moving,other,to function,tuned,portayed,had emerged,exporter,led to,to be subjected,up to,three times since,ending,are called,proclaiming,some,establish,to design,oldest,the expenditure,introduced
20%,finding,more than,most of,by,to,through,the early,helping,hidden away,because the,side to side,thypical,to function,ranging,characters,had emerged,chemical,led to,to be subjected,before they,originally,each,are called,proclaiming,some,establish,was enabled,the,of functions,from
20%,covered,onto,most of,by,to,darkened,which,maintain,overly,from which,little relatively,its,waters,tuned,portayed,By,exporter,led to,another,may need,originally,by which,have a direct,proclaiming,change in,By,extremely tall,is,of the body,who
17%,covered,onto,been canned,teacher,the strongest,darkened,which,helping,not untill,from which,Most,although,such as,ranging,details,as an,exporter,led to,has little,may need,three times since,each,all over,near,is result,By,to design,the,the expenditure,earliest
17%,covered,onto,most of,her ault life,to,darkened,which,effect,hidden away,neighboring,Most,thypical,whether,tuned,portayed,as an,highly,led to,to be subjected,before they,oldest,by which,on weather,1,some,By,extremely tall,the,of functions,earliest
13%,pale,more than,most of,by,the strongest,through,main industry,maintain,not untill,neighboring,moving,although,such as,tuned,characters,By,chemical,housing,another,may need,three times since,by which,on weather,1,some,establish,extremely tall,the,of functions,who
13%,covered,billion,,,in any,,the early,,,,little relatively,other,,,,as an,,housing,,,three times since,,are called,,,,,physically,,