score,soal 1,soal 2,soal 3,soal 4 ,soal 5,soal 6,soal 7 ,soal 8 ,soal 9 ,soal 10,soal 11,soal 12,soal 13,soal 14,soal 15,soal 16,soal 17,soal 18,soal 19,soal 20,soal 21,soal 22,soal 23,soal 24,soal 25
183 / 677,meeting,to bloom,declines,to convince,to hunt,in which,raising,still,hear,will,is,who,its,to participate,horrors,histories,scratched,theirs,which,introduced,bacteria,effect,westerly,little,the most
280 / 677,meeting,likely,declines,,primarily,would be preserved,in,that,seldom never,enough,interesting,lives,to a point,of the players,as well as,histories,carbon atom,Viruses,During,,humans,directly,,numerous,stiffness
130 / 677,to take,will be,of the dollar,too much,primarily,in which,in,still,had,as,interesting,lives,may become,has,satirizes,histories,scratched,extremely,is,in,humans,great,westerly,in,
490 / 677,to take,will be,raises,has drank,to hunt,capable,in,Despite,seldom never,as,is,lives,is not,has,horrors,fictional,carbon atom,Viruses,which,introduced,bacteria,great,by moving,few,incubation
165 / 677,are,next week,raises,to convince,primarily,would be preserved,,Despite,had,as,it is,used to take,its,chosen,bureaucratic,his,scratched,Viruses,more,in,lives,is,by moving,numerous,stiffness
148 / 677,to take,next week,of the dollar,to convince,primarily,limited,raising,Despite,seldom never,enough,interesting,used to take,to a point,to participate,bureaucratic,fictional,scratched,extremely,more,most probably,humans,directly,necessary,little,the most
243 / 677,mailing,likely,as,before,primarily,in which,in,that,their,as,is,lives,its,to participate,bureaucratic,fictional,scratched,extremely,which,most probably,bacteria,directly,necessary,little,stiffness
173 / 677,meeting,likely,of the dollar,too much,to hunt,in which,raising,Despite,hear,as,interesting,Before,to a point,chosen,bureaucratic,embellish,so strongly,extremely,which,introduced,bacteria,great,necessary,few,occured
344 / 677,to take,to bloom,of the dollar,has drank,but,in which,in,Despite,hear,will,interesting,who,to a point,to participate,horrors,his,scratched,theirs,which,introduced,million,effect,necessary,few,the most
584 / 677,to take,will be,raises,has drank,to hunt,capable,in,that,seldom never,as,it is,lives,is not,chosen,horrors,histories,carbon atom,extremely,more,in,million,is,by moving,little,the most
126 / 677,meeting,to bloom,of the dollar,to convince,primarily,would be preserved,raising,still,hear,as,to read,who,its,of the players,horrors,histories,scratched,extremely,which,in,humans,is,necessary,numerous,the most
160 / 677,to take,will be,as,before,but,would be preserved,have,still,seldom never,if,interesting,used to take,to a point,chosen,horrors,embellish,other,able,which,most probably,humans,is,necessary,in,incubation
157 / 677,mailing,next week,as,to convince,living,limited,of,Despite,their,will,it is,used to take,its,chosen,bureaucratic,histories,carbon atom,extremely,is,in,lives,is,by moving,little,stiffness
240 / 677,to take,will be,raises,too much,to hunt,in which,have,Despite,seldom never,as,interesting,who,is not,of the players,as well as,histories,so strongly,theirs,more,most probably,humans,is,As the,little,the most
162 / 677,meeting,next week,of the dollar,before,to hunt,in which,raising,sleeping,seldom never,if,interesting,Before,to a point,chosen,bureaucratic,embellish,other,Viruses,is,most probably,million,is,necessary,little,stiffness
153 / 677,meeting,to bloom,of the dollar,before,to hunt,in which,have,still,,enough,interesting,,is not,has,horrors,his,so strongly,Viruses,more,most probably,bacteria,is,necessary,in,the most
163 / 677,meeting,to bloom,of the dollar,before,to hunt,in which,have,still,hear,enough,interesting,used to take,is not,has,horrors,his,so strongly,Viruses,more,most probably,bacteria,is,necessary,in,the most
159 / 677,meeting,to bloom,of the dollar,before,to hunt,in which,have,still,hear,enough,interesting,used to take,is not,has,horrors,his,so strongly,Viruses,more,most probably,bacteria,is,necessary,in,the most
151 / 677,are,next week,declines,to convince,to hunt,in which,of,sleeping,seldom never,will,is,who,to a point,of the players,satirizes,histories,so strongly,Viruses,which,introduced,bacteria,directly,by moving,in,incubation
191 / 677,to take,will be,of the dollar,to convince,primarily,would be preserved,of,still,their,as,interesting,who,is not,chosen,satirizes,fictional,scratched,theirs,During,in,million,directly,westerly,little,stiffness
191 / 677,are,to bloom,as,has drank,primarily,limited,of,sleeping,had,will,it is,Before,may become,of the players,as well as,fictional,other,theirs,more,most probably,bacteria,effect,As the,numerous,the most
132 / 677,mailing,next week,of the dollar,has drank,primarily,capable,raising,Despite,seldom never,enough,interesting,used to take,to a point,of the players,,embellish,scratched,extremely,During,most probably,bacteria,great,necessary,numerous,incubation
143 / 677,are,will be,raises,too much,living,would be preserved,have,Despite,their,if,interesting,used to take,may become,of the players,satirizes,his,other,theirs,more,introduced,lives,directly,westerly,numerous,occured
200 / 677,mailing,to bloom,raises,before,to hunt,limited,have,still,hear,if,is,used to take,to a point,of the players,as well as,his,carbon atom,extremely,During,introduced,bacteria,effect,necessary,numerous,stiffness
178 / 677,meeting,will be,declines,has drank,primarily,would be preserved,in,still,had,enough,it is,who,its,chosen,bureaucratic,embellish,so strongly,extremely,more,introduced,million,directly,westerly,little,incubation
554 / 677,to take,will be,raises,has drank,to hunt,capable,in,Despite,their,as,it is,lives,is not,has,horrors,histories,so strongly,able,is,during,million,directly,westerly,little,occured
212 / 677,mailing,will be,raises,to convince,primarily,would be preserved,of,still,seldom never,enough,is,Before,may become,to participate,satirizes,embellish,carbon atom,theirs,more,in,million,great,necessary,in,occured
382 / 677,to take,will be,raises,has drank,to hunt,capable,in,Despite,had,will,is,,,to participate,horrors,histories,other,Viruses,During,introduced,humans,great,necessary,little,occured
110 / 677,mailing,will be,of the dollar,has drank,but,in which,,sleeping,hear,enough,interesting,used to take,to a point,to participate,satirizes,fictional,so strongly,able,is,most probably,humans,is,necessary,numerous,the most
366 / 677,to take,will be,as,has drank,but,in which,in,Despite,had,will,it is,used to take,its,of the players,satirizes,embellish,so strongly,able,is,in,lives,is,As the,in,stiffness
152 / 677,meeting,next week,declines,,primarily,would be preserved,raising,sleeping,their,will,interesting,used to take,may become,to participate,bureaucratic,embellish,scratched,extremely,During,during,million,effect,by moving,little,stiffness
379 / 677,to take,next week,raises,has drank,living,capable,raising,Despite,seldom never,will,interesting,lives,its,has,satirizes,histories,carbon atom,theirs,is,most probably,million,great,westerly,little,the most
219 / 677,are,likely,declines,has drank,primarily,would be preserved,raising,that,hear,as,it is,lives,its,of the players,as well as,his,so strongly,Viruses,is,most probably,million,is,As the,numerous,the most
178 / 677,meeting,will be,as,to convince,but,would be preserved,raising,that,had,as,it is,who,its,has,as well as,his,other,theirs,is,in,lives,directly,As the,in,the most
462 / 677,to take,will be,raises,has drank,to hunt,capable,in,still,seldom never,as,it is,lives,is not,chosen,as well as,histories,carbon atom,theirs,During,during,lives,is,As the,little,the most
546 / 677,to take,likely,raises,has drank,living,capable,of,sleeping,hear,enough,it is,,is not,,,,scratched,able,During,most probably,bacteria,directly,necessary,few,stiffness
243 / 677,to take,to bloom,of the dollar,has drank,to hunt,would be preserved,have,that,their,will,interesting,lives,may become,of the players,bureaucratic,embellish,so strongly,able,During,introduced,bacteria,directly,by moving,in,incubation
490 / 677,to take,will be,raises,has drank,to hunt,capable,in,that,seldom never,as,it is,lives,is not,has,as well as,fictional,so strongly,theirs,is,introduced,lives,directly,westerly,numerous,occured
628 / 677,to take,will be,raises,has drank,to hunt,capable,in,Despite,seldom never,as,it is,lives,is not,has,as well as,histories,other,theirs,is,introduced,lives,great,westerly,in,occured
203 / 677,are,next week,raises,before,but,limited,of,Despite,hear,enough,it is,lives,to a point,chosen,satirizes,embellish,other,able,which,most probably,million,directly,necessary,few,the most
189 / 677,mailing,,raises,to convince,living,in which,raising,Despite,their,as,interesting,used to take,to a point,has,bureaucratic,fictional,so strongly,theirs,is,during,million,effect,westerly,numerous,stiffness
256 / 677,to take,will be,raises,too much,but,would be preserved,of,still,seldom never,will,is,used to take,may become,chosen,as well as,embellish,so strongly,extremely,is,most probably,lives,is,necessary,little,the most
566 / 677,to take,will be,raises,has drank,to hunt,would be preserved,raising,that,seldom never,as,it is,lives,is not,has,as well as,embellish,so strongly,theirs,is,most probably,lives,is,by moving,in,stiffness
249 / 677,are,next week,declines,before,to hunt,in which,have,that,their,as,it is,lives,to a point,has,as well as,histories,carbon atom,Viruses,is,introduced,million,is,necessary,in,stiffness
614 / 677,to take,will be,raises,has drank,to hunt,capable,in,Despite,seldom never,as,it is,lives,is not,has,as well as,histories,so strongly,Viruses,is,most probably,million,is,westerly,in,the most
200 / 677,are,likely,of the dollar,too much,to hunt,in which,of,that,their,will,it is,lives,its,chosen,horrors,embellish,scratched,theirs,more,introduced,lives,is,As the,few,stiffness
563 / 677,to take,will be,raises,has drank,to hunt,capable,in,that,had,as,it is,lives,is not,chosen,as well as,embellish,scratched,extremely,is,introduced,humans,is,westerly,little,the most
163 / 677,mailing,will be,declines,has drank,living,limited,have,sleeping,their,as,is,Before,may become,to participate,as well as,histories,carbon atom,theirs,more,introduced,million,great,by moving,numerous,stiffness
516 / 677,to take,will be,raises,has drank,primarily,capable,have,that,seldom never,as,to read,lives,is not,to participate,horrors,fictional,other,theirs,is,in,lives,directly,westerly,numerous,the most
164 / 677,are,likely,as,to convince,but,capable,raising,sleeping,seldom never,as,it is,lives,to a point,of the players,horrors,embellish,so strongly,Viruses,more,introduced,lives,is,As the,numerous,stiffness
227 / 677,are,to bloom,as,to convince,primarily,limited,of,Despite,their,if,is,used to take,is not,of the players,bureaucratic,fictional,other,extremely,is,in,lives,directly,necessary,little,the most
310 / 677,are,next week,of the dollar,has drank,but,limited,in,still,their,enough,interesting,who,may become,has,bureaucratic,embellish,carbon atom,able,more,most probably,bacteria,directly,westerly,little,the most
315 / 677,to take,will be,raises,has drank,to hunt,capable,in,Despite,hear,as,it is,lives,is not,has,satirizes,embellish,other,Viruses,which,introduced,bacteria,great,necessary,numerous,the most
304 / 677,to take,will be,raises,has drank,to hunt,capable,in,that,seldom never,as,,who,is not,to participate,as well as,his,other,Viruses,which,introduced,humans,great,by moving,in,the most
109 / 677,meeting,to bloom,as,to convince,to hunt,limited,raising,that,their,enough,is,used to take,may become,of the players,horrors,embellish,carbon atom,able,During,most probably,lives,effect,by moving,little,stiffness
575 / 677,to take,will be,raises,has drank,to hunt,capable,in,that,seldom never,as,it is,lives,is not,has,horrors,histories,carbon atom,Viruses,which,introduced,humans,directly,by moving,few,occured
147 / 677,meeting,likely,declines,to convince,to hunt,capable,in,Despite,seldom never,enough,interesting,Before,may become,chosen,satirizes,embellish,so strongly,theirs,more,most probably,million,directly,necessary,few,the most
460 / 677,to take,will be,raises,has drank,to hunt,would be preserved,have,Despite,seldom never,will,it is,who,is not,has,horrors,his,so strongly,able,is,introduced,million,directly,necessary,few,occured
334 / 677,mailing,to bloom,as,to convince,to hunt,would be preserved,in,Despite,had,will,it is,lives,to a point,to participate,as well as,fictional,scratched,theirs,is,introduced,million,effect,westerly,few,stiffness
214 / 677,meeting,to bloom,declines,has drank,to hunt,in which,raising,that,hear,will,interesting,who,its,chosen,horrors,his,so strongly,Viruses,is,introduced,lives,directly,by moving,in,occured
418 / 677,to take,will be,raises,has drank,to hunt,capable,in,that,seldom never,as,it is,lives,is not,of the players,bureaucratic,embellish,so strongly,extremely,which,introduced,bacteria,effect,by moving,in,stiffness
205 / 677,meeting,likely,declines,before,to hunt,limited,raising,still,their,if,it is,used to take,to a point,chosen,satirizes,embellish,so strongly,extremely,is,introduced,million,great,westerly,few,occured
208 / 677,to take,will be,declines,has drank,to hunt,capable,in,Despite,seldom never,enough,interesting,used to take,is not,to participate,satirizes,fictional,carbon atom,extremely,,introduced,humans,directly,by moving,few,incubation
594 / 677,mailing,will be,raises,has drank,to hunt,capable,in,Despite,seldom never,as,it is,lives,is not,has,as well as,histories,other,theirs,is,most probably,lives,great,westerly,in,occured
234 / 677,mailing,likely,declines,to convince,to hunt,would be preserved,of,sleeping,hear,as,is,who,to a point,chosen,horrors,embellish,so strongly,theirs,more,most probably,lives,is,westerly,in,stiffness
175 / 677,to take,to bloom,of the dollar,to convince,primarily,capable,raising,Despite,seldom never,enough,interesting,used to take,to a point,to participate,satirizes,fictional,carbon atom,extremely,During,introduced,million,directly,by moving,little,stiffness
121 / 677,meeting,next week,of the dollar,before,but,limited,have,sleeping,seldom never,enough,it is,used to take,to a point,of the players,as well as,histories,scratched,theirs,more,most probably,lives,effect,As the,numerous,occured
590 / 677,to take,will be,raises,has drank,to hunt,capable,in,that,seldom never,as,it is,lives,may become,has,bureaucratic,histories,carbon atom,theirs,During,in,million,directly,necessary,numerous,stiffness
200 / 677,mailing,to bloom,as,too much,to hunt,would be preserved,of,that,their,as,is,lives,is not,to participate,as well as,embellish,so strongly,Viruses,which,introduced,humans,effect,by moving,little,occured
596 / 677,to take,will be,raises,has drank,to hunt,capable,in,sleeping,seldom never,as,it is,lives,its,has,as well as,histories,scratched,theirs,is,introduced,lives,great,westerly,in,occured
169 / 677,to take,next week,as,,but,in which,in,still,hear,,interesting,who,to a point,to participate,as well as,his,,able,which,most probably,humans,,As the,,
161 / 677,to take,next week,as,before,primarily,in which,of,still,seldom never,will,to read,lives,its,has,bureaucratic,fictional,carbon atom,extremely,more,during,million,directly,westerly,little,incubation
185 / 677,mailing,will be,raises,to convince,primarily,capable,have,that,their,if,interesting,used to take,may become,has,as well as,his,so strongly,Viruses,is,most probably,lives,directly,westerly,numerous,stiffness
182 / 677,to take,likely,raises,to convince,but,limited,of,Despite,hear,as,is,who,its,chosen,bureaucratic,his,so strongly,theirs,is,during,humans,is,As the,few,stiffness
316 / 677,to take,will be,raises,has drank,to hunt,capable,in,,seldom never,as,it is,lives,is not,chosen,as well as,embellish,so strongly,Viruses,is,introduced,bacteria,is,westerly,numerous,stiffness
632 / 677,to take,will be,raises,has drank,to hunt,capable,in,Despite,seldom never,will,it is,lives,is not,has,satirizes,histories,carbon atom,Viruses,is,introduced,lives,great,westerly,in,occured
243 / 677,to take,will be,raises,has drank,to hunt,capable,in,still,hear,if,it is,Before,may become,of the players,satirizes,histories,carbon atom,extremely,is,during,humans,effect,As the,in,incubation
202 / 677,to take,to bloom,of the dollar,before,to hunt,would be preserved,in,sleeping,hear,if,is,who,is not,to participate,bureaucratic,his,other,able,is,during,lives,directly,by moving,numerous,stiffness
194 / 677,mailing,next week,of the dollar,before,but,would be preserved,of,still,seldom never,will,interesting,used to take,may become,to participate,as well as,fictional,other,Viruses,is,introduced,bacteria,great,necessary,in,the most
192 / 677,to take,likely,of the dollar,before,primarily,would be preserved,in,Despite,seldom never,if,it is,lives,to a point,of the players,bureaucratic,histories,other,extremely,more,most probably,million,directly,by moving,little,occured
589 / 677,to take,will be,raises,has drank,to hunt,capable,in,that,seldom never,as,it is,lives,is not,of the players,bureaucratic,fictional,so strongly,Viruses,During,during,lives,is,,numerous,the most
194 / 677,are,likely,of the dollar,to convince,but,would be preserved,have,sleeping,had,if,it is,lives,is not,has,as well as,his,so strongly,theirs,more,in,humans,is,As the,few,the most
112 / 677,are,to bloom,raises,too much,primarily,would be preserved,have,that,their,will,to read,who,its,to participate,horrors,his,so strongly,able,is,most probably,million,directly,by moving,few,occured
198 / 677,to take,likely,of the dollar,before,primarily,limited,in,Despite,seldom never,as,to read,Before,may become,chosen,as well as,embellish,scratched,able,During,most probably,humans,great,necessary,numerous,the most
596 / 677,to take,will be,raises,has drank,to hunt,capable,in,Despite,their,as,it is,lives,is not,has,as well as,his,so strongly,Viruses,which,introduced,lives,great,by moving,little,occured
368 / 677,to take,will be,raises,has drank,living,capable,of,that,seldom never,as,it is,lives,is not,has,horrors,his,,able,which,in,million,is,As the,in,the most
221 / 677,mailing,to bloom,declines,too much,living,in which,have,Despite,their,if,interesting,who,to a point,of the players,bureaucratic,histories,so strongly,Viruses,is,during,bacteria,directly,necessary,little,the most
610 / 677,to take,will be,raises,has drank,to hunt,capable,in,that,seldom never,as,it is,lives,is not,has,satirizes,histories,other,Viruses,is,introduced,bacteria,great,by moving,little,occured
612 / 677,to take,will be,raises,has drank,to hunt,capable,in,that,seldom never,as,it is,lives,is not,has,as well as,his,so strongly,theirs,is,introduced,lives,great,westerly,in,occured
467 / 677,to take,will be,raises,has drank,to hunt,capable,in,that,had,as,is,lives,to a point,has,,embellish,so strongly,Viruses,is,during,million,is,As the,few,stiffness
357 / 677,are,will be,raises,before,but,in which,have,still,seldom never,as,is,used to take,may become,of the players,bureaucratic,histories,scratched,theirs,more,most probably,million,directly,westerly,little,occured
431 / 677,to take,will be,raises,has drank,to hunt,capable,in,that,seldom never,as,it is,lives,is not,of the players,as well as,embellish,so strongly,theirs,is,most probably,humans,great,westerly,few,occured
328 / 677,to take,will be,raises,has drank,to hunt,capable,in,Despite,seldom never,as,to read,lives,is not,has,satirizes,histories,scratched,theirs,is,most probably,humans,great,westerly,little,occured
255 / 677,mailing,will be,raises,has drank,to hunt,capable,in,sleeping,seldom never,will,it is,lives,is not,has,satirizes,histories,scratched,extremely,During,most probably,bacteria,directly,by moving,little,occured
199 / 677,are,likely,as,has drank,living,in which,have,that,had,if,to read,who,its,of the players,satirizes,his,so strongly,theirs,is,most probably,bacteria,is,As the,few,incubation
252 / 677,to take,to bloom,raises,before,living,in which,of,still,seldom never,will,it is,who,its,chosen,satirizes,his,other,able,is,introduced,humans,is,by moving,few,the most
325 / 677,mailing,likely,as,too much,primarily,capable,in,that,seldom never,if,interesting,lives,its,of the players,bureaucratic,embellish,carbon atom,extremely,which,during,humans,directly,by moving,numerous,stiffness
229 / 677,to take,likely,as,before,living,in which,of,that,their,will,it is,who,its,to participate,as well as,his,other,theirs,is,most probably,lives,is,necessary,few,occured
268 / 677,to take,next week,raises,before,to hunt,in which,in,still,seldom never,if,it is,lives,may become,chosen,bureaucratic,embellish,scratched,Viruses,is,introduced,million,great,As the,in,stiffness
181 / 677,to take,likely,of the dollar,to convince,living,capable,,that,their,will,to read,lives,may become,chosen,satirizes,fictional,scratched,Viruses,which,introduced,million,directly,by moving,few,stiffness
484 / 677,to take,will be,raises,has drank,to hunt,capable,in,Despite,hear,as,it is,lives,is not,has,bureaucratic,embellish,so strongly,Viruses,is,most probably,million,effect,westerly,little,the most
307 / 677,are,next week,declines,has drank,primarily,in which,in,Despite,had,as,it is,used to take,its,chosen,horrors,embellish,scratched,extremely,is,in,humans,is,westerly,in,stiffness
325 / 677,mailing,will be,raises,has drank,living,capable,in,Despite,seldom never,as,it is,lives,is not,has,as well as,histories,scratched,theirs,more,during,lives,great,westerly,few,occured
321 / 677,meeting,will be,raises,before,but,limited,raising,sleeping,seldom never,as,is,used to take,may become,of the players,satirizes,his,other,able,During,most probably,bacteria,great,by moving,in,incubation
506 / 677,to take,will be,raises,has drank,to hunt,capable,raising,sleeping,seldom never,will,interesting,lives,is not,has,as well as,histories,other,theirs,is,in,lives,is,westerly,in,occured
232 / 677,are,to bloom,raises,has drank,living,limited,have,sleeping,had,will,it is,lives,to a point,has,as well as,fictional,scratched,able,,in,humans,is,by moving,few,the most
170 / 677,meeting,likely,raises,before,but,would be preserved,have,sleeping,seldom never,if,interesting,used to take,may become,to participate,horrors,histories,scratched,theirs,more,most probably,million,effect,by moving,numerous,incubation
482 / 677,to take,will be,raises,has drank,primarily,would be preserved,have,sleeping,seldom never,as,it is,Before,is not,has,satirizes,histories,so strongly,theirs,which,most probably,lives,directly,by moving,numerous,stiffness
194 / 677,mailing,will be,raises,has drank,to hunt,capable,in,Despite,seldom never,will,it is,lives,is not,has,bureaucratic,embellish,other,theirs,During,most probably,million,is,westerly,in,occured
254 / 677,meeting,to bloom,raises,has drank,to hunt,in which,raising,Despite,their,as,it is,used to take,its,chosen,horrors,his,carbon atom,able,more,introduced,humans,effect,by moving,little,incubation
406 / 677,to take,will be,raises,has drank,to hunt,capable,in,that,seldom never,will,it is,lives,is not,has,as well as,histories,other,theirs,is,introduced,lives,great,westerly,in,occured
194 / 677,to take,likely,declines,too much,living,limited,,still,seldom never,,to read,Before,is not,has,satirizes,his,scratched,theirs,is,during,lives,great,As the,few,occured
491 / 677,to take,will be,raises,has drank,to hunt,limited,in,Despite,seldom never,as,it is,lives,its,has,satirizes,embellish,so strongly,able,which,in,lives,is,westerly,few,occured
95 / 677,meeting,likely,raises,before,to hunt,would be preserved,raising,still,their,enough,to read,used to take,to a point,chosen,bureaucratic,embellish,other,Viruses,more,most probably,million,is,As the,few,occured
211 / 677,are,will be,as,has drank,but,in which,in,that,had,will,it is,used to take,its,to participate,as well as,fictional,other,extremely,is,most probably,lives,is,by moving,,stiffness
214 / 677,mailing,next week,as,before,primarily,would be preserved,of,Despite,their,enough,it is,who,is not,to participate,as well as,histories,so strongly,theirs,which,during,humans,great,by moving,few,occured
327 / 677,to take,will be,raises,has drank,to hunt,capable,in,that,seldom never,as,it is,lives,is not,chosen,as well as,histories,other,theirs,is,most probably,lives,is,westerly,little,the most
482 / 677,to take,will be,raises,has drank,to hunt,capable,in,that,seldom never,as,it is,lives,is not,has,as well as,fictional,so strongly,Viruses,is,introduced,lives,,by moving,in,stiffness
564 / 677,meeting,will be,of the dollar,has drank,living,would be preserved,raising,that,hear,as,it is,used to take,its,has,satirizes,histories,so strongly,able,which,in,lives,great,westerly,little,the most
354 / 677,are,will be,as,too much,primarily,limited,have,still,seldom never,enough,it is,used to take,may become,has,satirizes,histories,so strongly,extremely,is,most probably,humans,is,As the,little,the most
528 / 677,to take,will be,raises,has drank,to hunt,capable,in,sleeping,seldom never,as,it is,lives,may become,has,bureaucratic,histories,other,able,is,in,humans,great,westerly,in,occured
522 / 677,to take,will be,raises,has drank,to hunt,capable,in,sleeping,seldom never,as,it is,lives,may become,has,bureaucratic,histories,other,able,is,introduced,humans,great,westerly,in,occured
245 / 677,mailing,likely,raises,has drank,primarily,would be preserved,raising,sleeping,had,will,it is,used to take,its,chosen,as well as,histories,scratched,Viruses,which,during,humans,directly,by moving,numerous,occured
224 / 677,mailing,will be,raises,before,to hunt,limited,have,Despite,had,as,is,lives,is not,of the players,horrors,histories,so strongly,extremely,which,during,lives,effect,necessary,in,the most
467 / 677,mailing,will be,raises,has drank,but,capable,in,Despite,seldom never,as,it is,lives,is not,has,as well as,histories,other,able,is,introduced,lives,great,by moving,in,occured
244 / 677,to take,will be,as,has drank,to hunt,in which,have,that,had,as,to read,lives,may become,has,horrors,embellish,other,extremely,is,most probably,million,effect,by moving,in,the most
167 / 677,meeting,likely,raises,before,but,limited,have,that,their,if,interesting,used to take,is not,to participate,as well as,histories,other,theirs,During,introduced,humans,great,westerly,little,stiffness
160 / 677,meeting,next week,of the dollar,has drank,but,in which,of,still,hear,if,it is,used to take,to a point,to participate,as well as,histories,other,extremely,more,introduced,million,directly,necessary,in,the most
147 / 677,mailing,likely,of the dollar,before,primarily,would be preserved,raising,that,hear,if,interesting,who,to a point,,bureaucratic,embellish,other,extremely,During,in,lives,directly,westerly,in,stiffness
185 / 677,meeting,next week,raises,too much,primarily,capable,in,sleeping,seldom never,enough,to read,used to take,its,chosen,as well as,histories,carbon atom,extremely,is,most probably,million,great,As the,little,stiffness
178 / 677,are,to bloom,declines,before,but,capable,of,sleeping,hear,if,to read,Before,may become,of the players,horrors,embellish,other,theirs,is,during,humans,effect,by moving,few,stiffness
94 / 677,meeting,likely,declines,before,primarily,limited,have,sleeping,their,enough,it is,used to take,may become,of the players,bureaucratic,embellish,other,Viruses,During,most probably,humans,directly,by moving,few,incubation
253 / 677,mailing,likely,of the dollar,too much,primarily,would be preserved,have,sleeping,their,will,interesting,who,may become,chosen,bureaucratic,embellish,scratched,extremely,is,introduced,bacteria,is,necessary,little,the most
136 / 677,mailing,will be,declines,too much,living,limited,raising,sleeping,their,if,is,Before,may become,chosen,horrors,his,scratched,able,During,during,million,directly,by moving,few,occured
154 / 677,to take,likely,of the dollar,has drank,but,limited,have,Despite,had,enough,it is,lives,may become,has,as well as,fictional,scratched,Viruses,which,in,lives,effect,As the,numerous,stiffness
213 / 677,meeting,will be,as,before,to hunt,would be preserved,raising,sleeping,their,enough,is,who,is not,of the players,satirizes,fictional,so strongly,able,which,during,lives,effect,As the,in,occured
149 / 677,mailing,likely,of the dollar,before,but,would be preserved,,Despite,had,as,to read,who,may become,has,as well as,embellish,so strongly,Viruses,which,introduced,lives,directly,necessary,numerous,stiffness
191 / 677,to take,will be,of the dollar,before,living,would be preserved,in,sleeping,had,if,interesting,who,is not,chosen,as well as,fictional,other,theirs,is,introduced,lives,great,by moving,few,occured
257 / 677,meeting,will be,declines,too much,primarily,limited,raising,sleeping,their,enough,interesting,who,to a point,to participate,horrors,histories,carbon atom,extremely,During,most probably,bacteria,directly,necessary,few,the most
174 / 677,are,will be,of the dollar,too much,but,capable,raising,Despite,hear,as,it is,used to take,may become,has,horrors,histories,so strongly,theirs,During,most probably,million,great,westerly,numerous,stiffness
142 / 677,are,will be,raises,before,primarily,limited,raising,that,their,will,it is,lives,its,of the players,as well as,histories,so strongly,theirs,which,introduced,million,is,necessary,few,stiffness
401 / 677,meeting,to bloom,raises,to convince,to hunt,capable,have,still,hear,if,interesting,Before,to a point,to participate,bureaucratic,embellish,so strongly,extremely,more,during,bacteria,effect,by moving,numerous,incubation
147 / 677,to take,will be,as,has drank,primarily,capable,have,sleeping,hear,will,to read,Before,may become,of the players,bureaucratic,fictional,scratched,theirs,more,during,lives,effect,necessary,few,the most
157 / 677,mailing,to bloom,raises,too much,but,limited,of,Despite,hear,will,interesting,Before,to a point,chosen,satirizes,histories,so strongly,Viruses,During,most probably,bacteria,effect,necessary,little,incubation
156 / 677,to take,next week,of the dollar,too much,,capable,have,Despite,seldom never,if,is,Before,may become,has,horrors,his,scratched,theirs,which,most probably,million,is,by moving,little,stiffness
212 / 677,are,to bloom,of the dollar,to convince,primarily,capable,in,Despite,hear,enough,interesting,Before,may become,to participate,as well as,histories,carbon atom,extremely,which,most probably,humans,directly,necessary,numerous,occured
221 / 677,are,will be,raises,too much,living,in which,in,still,hear,will,is,used to take,is not,has,satirizes,fictional,carbon atom,Viruses,During,in,million,,westerly,numerous,stiffness
196 / 677,to take,next week,of the dollar,too much,but,capable,have,still,hear,will,to read,used to take,its,has,as well as,embellish,other,theirs,which,in,million,is,by moving,little,incubation
184 / 677,mailing,likely,of the dollar,too much,living,capable,raising,still,their,will,is,lives,to a point,chosen,horrors,histories,so strongly,theirs,During,most probably,million,effect,by moving,in,incubation
162 / 677,meeting,next week,of the dollar,too much,living,would be preserved,raising,sleeping,had,will,interesting,Before,is not,of the players,as well as,fictional,so strongly,extremely,more,most probably,lives,great,necessary,little,stiffness
231 / 677,mailing,to bloom,raises,too much,living,limited,have,still,had,will,it is,Before,to a point,chosen,bureaucratic,histories,so strongly,theirs,which,most probably,lives,great,necessary,few,occured
213 / 677,are,to bloom,raises,has drank,but,capable,in,sleeping,hear,if,is,used to take,to a point,chosen,as well as,embellish,other,extremely,is,in,lives,great,As the,little,the most
193 / 677,mailing,to bloom,declines,too much,living,capable,in,still,their,as,it is,lives,is not,has,horrors,his,scratched,theirs,is,during,lives,is,,in,incubation
163 / 677,are,to bloom,as,to convince,living,,raising,Despite,had,will,is,used to take,its,chosen,,histories,carbon atom,able,is,,humans,effect,As the,in,occured
296 / 677,meeting,to bloom,raises,too much,living,limited,in,that,had,if,is,lives,is not,has,bureaucratic,his,so strongly,able,which,introduced,humans,great,by moving,few,stiffness
628 / 677,to take,will be,raises,has drank,to hunt,capable,in,Despite,seldom never,will,is,used to take,is not,has,as well as,histories,other,extremely,is,introduced,lives,great,westerly,in,occured
612 / 677,to take,will be,raises,has drank,to hunt,capable,in,that,seldom never,as,it is,lives,is not,has,satirizes,embellish,carbon atom,Viruses,During,during,lives,great,westerly,in,occured
463 / 677,mailing,likely,declines,has drank,to hunt,limited,of,still,had,as,to read,Before,is not,to participate,satirizes,embellish,carbon atom,extremely,more,introduced,lives,effect,by moving,little,stiffness
284 / 677,to take,will be,as,before,but,limited,raising,that,had,if,interesting,lives,to a point,to participate,horrors,his,so strongly,Viruses,During,introduced,lives,great,necessary,few,stiffness
608 / 677,to take,will be,raises,has drank,to hunt,capable,in,that,seldom never,as,it is,lives,is not,of the players,satirizes,embellish,so strongly,Viruses,is,most probably,humans,is,westerly,little,occured
146 / 677,mailing,will be,as,to convince,but,would be preserved,have,that,hear,if,is,who,to a point,chosen,satirizes,his,other,theirs,is,in,million,is,As the,in,the most
191 / 677,to take,likely,declines,before,,,have,still,had,enough,it is,lives,is not,of the players,as well as,his,scratched,able,is,during,humans,is,by moving,few,incubation
154 / 677,are,likely,raises,to convince,living,limited,in,sleeping,their,as,it is,Before,may become,of the players,horrors,histories,scratched,Viruses,During,introduced,lives,is,by moving,few,stiffness
585 / 677,are,likely,raises,too much,living,capable,in,still,had,will,interesting,Before,to a point,chosen,as well as,histories,other,theirs,is,during,lives,great,westerly,in,occured
177 / 677,mailing,likely,raises,has drank,to hunt,capable,raising,Despite,hear,if,interesting,lives,may become,chosen,bureaucratic,embellish,carbon atom,able,is,most probably,humans,is,necessary,few,stiffness
265 / 677,mailing,will be,raises,too much,to hunt,capable,in,Despite,their,as,it is,lives,is not,has,as well as,embellish,other,Viruses,which,introduced,humans,great,westerly,numerous,the most
154 / 677,meeting,will be,raises,to convince,primarily,would be preserved,have,Despite,seldom never,if,interesting,lives,may become,of the players,as well as,embellish,so strongly,able,which,most probably,million,great,necessary,little,the most
148 / 677,mailing,to bloom,declines,too much,to hunt,limited,have,Despite,had,enough,interesting,who,may become,chosen,bureaucratic,embellish,so strongly,Viruses,more,in,million,great,necessary,in,incubation
173 / 677,to take,next week,of the dollar,has drank,primarily,limited,of,sleeping,seldom never,enough,it is,used to take,may become,of the players,horrors,histories,so strongly,able,which,introduced,million,directly,As the,in,the most
177 / 677,meeting,likely,as,before,to hunt,would be preserved,of,sleeping,seldom never,if,,lives,may become,of the players,as well as,fictional,scratched,extremely,is,most probably,million,is,As the,few,stiffness
150 / 677,mailing,likely,raises,to convince,to hunt,capable,have,that,hear,as,interesting,Before,its,to participate,bureaucratic,fictional,other,theirs,During,most probably,bacteria,is,As the,little,incubation
251 / 677,mailing,to bloom,raises,has drank,living,in which,raising,Despite,their,will,,used to take,to a point,has,as well as,fictional,other,able,more,during,humans,great,As the,numerous,the most
601 / 677,mailing,next week,raises,has drank,living,would be preserved,in,Despite,seldom never,will,interesting,lives,is not,to participate,as well as,histories,other,theirs,is,introduced,humans,great,necessary,in,occured
580 / 677,to take,will be,raises,has drank,to hunt,capable,in,that,seldom never,as,it is,lives,is not,has,horrors,embellish,so strongly,extremely,which,in,bacteria,great,As the,in,occured
584 / 677,meeting,will be,raises,has drank,to hunt,capable,raising,that,seldom never,as,it is,lives,is not,of the players,bureaucratic,histories,scratched,able,which,introduced,million,is,by moving,few,occured
631 / 677,to take,will be,raises,has drank,to hunt,capable,in,still,seldom never,will,it is,lives,is not,has,as well as,histories,other,Viruses,is,introduced,million,great,westerly,in,occured
121 / 677,meeting,likely,declines,to convince,primarily,would be preserved,raising,sleeping,their,enough,interesting,Before,may become,to participate,horrors,fictional,so strongly,Viruses,more,introduced,bacteria,great,necessary,in,the most
141 / 677,to take,to bloom,of the dollar,to convince,living,in which,have,still,had,enough,it is,who,may become,chosen,horrors,embellish,carbon atom,theirs,which,most probably,million,is,westerly,numerous,occured
172 / 677,mailing,next week,declines,to convince,primarily,would be preserved,have,sleeping,hear,enough,interesting,who,is not,has,bureaucratic,embellish,so strongly,theirs,is,in,lives,great,by moving,few,the most
564 / 677,to take,will be,raises,has drank,to hunt,capable,in,that,seldom never,,it is,lives,is not,has,bureaucratic,histories,carbon atom,Viruses,which,during,million,directly,by moving,numerous,the most
574 / 677,to take,will be,raises,has drank,to hunt,capable,in,still,seldom never,will,interesting,lives,is not,has,as well as,embellish,carbon atom,theirs,which,most probably,lives,effect,westerly,numerous,the most
234 / 677,mailing,will be,declines,has drank,living,would be preserved,raising,sleeping,seldom never,will,interesting,used to take,may become,to participate,horrors,histories,scratched,Viruses,which,introduced,humans,is,by moving,numerous,occured
150 / 677,mailing,likely,declines,to convince,to hunt,would be preserved,of,still,their,if,is,who,may become,has,horrors,embellish,carbon atom,theirs,which,during,bacteria,is,necessary,few,incubation
576 / 677,to take,will be,raises,has drank,to hunt,capable,in,Despite,seldom never,as,it is,lives,is not,has,as well as,histories,other,theirs,is,during,lives,effect,westerly,in,occured
606 / 677,to take,will be,raises,has drank,to hunt,capable,in,that,seldom never,as,it is,lives,is not,has,as well as,fictional,so strongly,theirs,which,introduced,million,effect,by moving,little,occured
135 / 677,are,to bloom,as,to convince,to hunt,would be preserved,of,that,seldom never,will,interesting,used to take,may become,to participate,as well as,histories,scratched,able,During,in,million,is,by moving,little,stiffness
563 / 677,to take,will be,raises,has drank,to hunt,capable,in,Despite,had,as,is,lives,is not,has,horrors,histories,carbon atom,theirs,more,during,million,is,westerly,few,the most
93 / 677,meeting,to bloom,of the dollar,has drank,primarily,would be preserved,of,still,seldom never,enough,interesting,lives,to a point,chosen,satirizes,histories,so strongly,able,which,introduced,lives,effect,necessary,few,stiffness
470 / 677,to take,will be,raises,has drank,to hunt,capable,in,that,seldom never,as,it is,lives,to a point,chosen,satirizes,histories,carbon atom,able,more,introduced,lives,great,by moving,in,incubation
164 / 677,mailing,to bloom,raises,has drank,living,in which,raising,that,their,enough,interesting,lives,is not,of the players,satirizes,his,other,extremely,is,introduced,humans,great,necessary,little,the most
306 / 677,meeting,will be,raises,has drank,to hunt,capable,in,Despite,seldom never,enough,interesting,lives,is not,chosen,as well as,histories,carbon atom,able,which,most probably,humans,directly,by moving,few,occured
597 / 677,mailing,will be,raises,has drank,to hunt,capable,in,that,seldom never,as,it is,lives,is not,has,as well as,histories,carbon atom,extremely,more,most probably,lives,great,by moving,in,the most
241 / 677,are,will be,raises,has drank,to hunt,capable,in,still,seldom never,as,to read,lives,its,to participate,as well as,embellish,scratched,Viruses,During,most probably,humans,great,As the,little,the most
464 / 677,to take,will be,raises,has drank,to hunt,capable,of,still,their,as,is,used to take,its,of the players,horrors,embellish,scratched,extremely,more,introduced,lives,directly,westerly,few,occured
224 / 677,mailing,likely,of the dollar,before,primarily,in which,have,still,seldom never,as,interesting,lives,may become,has,bureaucratic,embellish,so strongly,extremely,which,introduced,million,directly,As the,numerous,the most
468 / 677,to take,will be,raises,has drank,to hunt,capable,in,Despite,seldom never,will,it is,used to take,to a point,chosen,as well as,embellish,so strongly,Viruses,is,introduced,lives,great,westerly,little,the most
163 / 677,meeting,will be,of the dollar,to convince,living,would be preserved,have,sleeping,seldom never,will,to read,used to take,may become,of the players,bureaucratic,histories,so strongly,extremely,During,introduced,bacteria,effect,necessary,numerous,incubation
561 / 677,are,will be,raises,has drank,living,capable,have,Despite,had,enough,is,lives,may become,to participate,satirizes,embellish,so strongly,extremely,is,most probably,million,is,westerly,little,stiffness
589 / 677,to take,will be,raises,has drank,to hunt,capable,in,that,seldom never,as,it is,lives,is not,has,satirizes,fictional,carbon atom,extremely,which,during,million,directly,As the,little,stiffness
576 / 677,to take,will be,raises,has drank,to hunt,capable,in,that,had,as,it is,lives,is not,has,as well as,histories,so strongly,theirs,which,in,million,directly,As the,numerous,the most
184 / 677,are,likely,as,before,living,would be preserved,in,sleeping,hear,as,interesting,Before,its,of the players,bureaucratic,histories,other,Viruses,which,most probably,humans,directly,necessary,numerous,stiffness
171 / 677,meeting,next week,declines,to convince,to hunt,limited,in,sleeping,seldom never,if,it is,Before,may become,has,satirizes,histories,so strongly,theirs,which,during,humans,is,As the,few,incubation
628 / 677,to take,will be,raises,has drank,to hunt,capable,in,that,seldom never,as,it is,lives,is not,has,as well as,histories,so strongly,theirs,which,introduced,lives,is,As the,in,occured
184 / 677,are,will be,of the dollar,has drank,to hunt,in which,in,sleeping,seldom never,enough,interesting,Before,to a point,of the players,satirizes,fictional,carbon atom,extremely,which,most probably,million,directly,westerly,little,incubation
576 / 677,to take,will be,raises,has drank,to hunt,capable,in,Despite,their,as,it is,lives,is not,has,as well as,histories,other,theirs,is,introduced,lives,great,westerly,in,occured
139 / 677,to take,to bloom,declines,too much,primarily,would be preserved,raising,Despite,seldom never,enough,interesting,lives,may become,chosen,satirizes,embellish,other,extremely,During,introduced,bacteria,effect,by moving,little,incubation
600 / 677,to take,will be,raises,has drank,to hunt,capable,in,Despite,seldom never,will,it is,lives,is not,has,satirizes,histories,carbon atom,able,more,most probably,lives,great,As the,numerous,incubation
513 / 677,to take,to bloom,as,has drank,living,would be preserved,raising,that,hear,as,it is,who,its,chosen,bureaucratic,histories,so strongly,extremely,which,in,lives,effect,by moving,in,the most
159 / 677,meeting,next week,of the dollar,to convince,but,in which,have,Despite,their,as,,used to take,may become,to participate,bureaucratic,fictional,so strongly,extremely,During,introduced,bacteria,great,westerly,little,stiffness
174 / 677,mailing,next week,of the dollar,has drank,living,in which,raising,Despite,their,enough,it is,Before,is not,chosen,as well as,embellish,carbon atom,able,During,introduced,million,directly,westerly,few,occured
541 / 677,to take,will be,raises,has drank,to hunt,capable,have,still,hear,enough,is,lives,is not,has,satirizes,embellish,scratched,able,which,in,million,great,As the,numerous,stiffness
584 / 677,to take,will be,raises,has drank,to hunt,capable,in,Despite,their,as,it is,lives,is not,has,bureaucratic,histories,other,theirs,is,introduced,lives,great,westerly,in,occured
196 / 677,mailing,likely,of the dollar,to convince,primarily,would be preserved,raising,Despite,their,enough,interesting,used to take,to a point,of the players,satirizes,fictional,carbon atom,extremely,During,introduced,bacteria,effect,by moving,numerous,incubation
596 / 677,to take,will be,raises,has drank,to hunt,capable,have,Despite,seldom never,as,it is,lives,may become,has,as well as,histories,other,theirs,is,introduced,lives,great,necessary,little,the most
353 / 677,mailing,will be,raises,has drank,to hunt,capable,in,Despite,seldom never,as,it is,lives,is not,,satirizes,histories,other,theirs,which,introduced,lives,great,As the,in,occured
300 / 677,meeting,will be,of the dollar,has drank,living,limited,raising,sleeping,hear,if,interesting,used to take,to a point,of the players,as well as,histories,so strongly,extremely,more,most probably,bacteria,directly,westerly,little,stiffness
423 / 677,to take,will be,raises,too much,to hunt,capable,in,that,seldom never,will,it is,lives,is not,,horrors,histories,other,theirs,is,most probably,lives,great,westerly,in,occured
160 / 677,mailing,likely,declines,too much,but,in which,have,that,their,enough,it is,lives,its,of the players,bureaucratic,his,other,Viruses,is,in,humans,effect,by moving,little,incubation
256 / 677,to take,will be,declines,has drank,primarily,would be preserved,in,Despite,seldom never,will,it is,used to take,to a point,of the players,as well as,embellish,so strongly,extremely,During,most probably,bacteria,is,As the,in,the most
306 / 677,meeting,likely,raises,before,but,capable,have,Despite,seldom never,as,interesting,who,its,of the players,horrors,embellish,other,extremely,which,in,million,is,As the,numerous,stiffness
436 / 677,mailing,will be,raises,before,to hunt,would be preserved,raising,Despite,seldom never,will,is,Before,is not,has,satirizes,embellish,so strongly,theirs,which,in,humans,effect,by moving,in,incubation
363 / 677,mailing,will be,raises,to convince,to hunt,capable,,that,had,enough,interesting,lives,its,of the players,as well as,fictional,so strongly,Viruses,During,most probably,humans,effect,by moving,numerous,the most
158 / 677,are,next week,of the dollar,has drank,to hunt,would be preserved,raising,still,hear,as,it is,used to take,may become,chosen,as well as,embellish,so strongly,Viruses,During,during,bacteria,effect,As the,numerous,stiffness
498 / 677,to take,will be,raises,has drank,to hunt,capable,in,still,seldom never,will,is,lives,its,to participate,as well as,histories,carbon atom,Viruses,During,introduced,bacteria,directly,by moving,little,stiffness
337 / 677,to take,will be,declines,too much,but,capable,raising,sleeping,seldom never,will,it is,used to take,may become,of the players,as well as,histories,so strongly,extremely,is,most probably,bacteria,directly,by moving,numerous,incubation
207 / 677,are,likely,as,has drank,living,capable,of,sleeping,had,if,it is,lives,is not,chosen,as well as,histories,scratched,extremely,is,most probably,lives,directly,As the,few,occured
602 / 677,to take,will be,raises,has drank,to hunt,capable,in,that,seldom never,as,it is,who,is not,has,satirizes,his,so strongly,theirs,more,during,million,great,As the,in,the most
242 / 677,mailing,next week,raises,to convince,but,in which,of,sleeping,had,if,to read,Before,is not,to participate,as well as,fictional,carbon atom,extremely,which,during,bacteria,is,by moving,little,incubation
510 / 677,to take,likely,raises,has drank,living,capable,in,that,seldom never,as,it is,lives,is not,to participate,bureaucratic,fictional,other,Viruses,is,introduced,lives,is,westerly,numerous,the most
160 / 677,meeting,next week,declines,has drank,but,in which,of,that,seldom never,enough,it is,used to take,to a point,of the players,as well as,his,other,theirs,is,in,lives,is,by moving,in,the most
428 / 677,to take,will be,raises,has drank,to hunt,capable,in,sleeping,their,if,,lives,is not,chosen,satirizes,histories,carbon atom,extremely,is,most probably,humans,great,westerly,few,stiffness
179 / 677,meeting,next week,declines,before,living,would be preserved,of,still,had,enough,interesting,used to take,is not,of the players,satirizes,his,other,theirs,is,in,lives,is,As the,little,occured
598 / 677,to take,will be,raises,has drank,to hunt,capable,in,Despite,seldom never,as,is,lives,is not,has,bureaucratic,embellish,scratched,extremely,is,introduced,lives,great,westerly,in,occured
316 / 677,to take,will be,raises,has drank,to hunt,capable,in,Despite,had,as,is,lives,is not,has,bureaucratic,embellish,so strongly,Viruses,is,,bacteria,effect,by moving,in,the most
135 / 677,mailing,will be,declines,to convince,but,in which,of,sleeping,seldom never,if,it is,who,to a point,chosen,horrors,fictional,so strongly,extremely,During,during,lives,directly,,few,incubation
442 / 677,are,will be,of the dollar,has drank,to hunt,capable,have,Despite,seldom never,as,it is,lives,may become,chosen,satirizes,embellish,so strongly,theirs,is,introduced,million,great,westerly,few,occured
538 / 677,are,to bloom,raises,has drank,to hunt,would be preserved,of,still,seldom never,will,interesting,used to take,may become,of the players,as well as,histories,other,Viruses,During,in,bacteria,effect,necessary,little,the most
198 / 677,,likely,raises,to convince,living,capable,raising,still,seldom never,as,interesting,used to take,is not,of the players,bureaucratic,his,so strongly,theirs,is,most probably,lives,effect,by moving,numerous,occured
153 / 677,to take,will be,,too much,primarily,would be preserved,of,sleeping,seldom never,as,interesting,who,may become,chosen,horrors,fictional,scratched,theirs,which,in,bacteria,effect,As the,in,occured
636 / 677,to take,will be,raises,has drank,to hunt,capable,in,that,seldom never,as,it is,lives,is not,has,as well as,embellish,other,theirs,is,introduced,lives,great,westerly,in,occured
400 / 677,mailing,will be,as,has drank,primarily,would be preserved,raising,sleeping,seldom never,will,it is,lives,its,has,satirizes,embellish,so strongly,able,is,during,bacteria,is,by moving,little,stiffness
268 / 677,meeting,next week,raises,to convince,but,limited,raising,Despite,hear,enough,is,used to take,is not,has,satirizes,histories,so strongly,extremely,During,introduced,million,directly,As the,numerous,incubation
146 / 677,meeting,,,,,,,,,,,,,,,,,,,,,,,,
231 / 677,to take,next week,of the dollar,has drank,to hunt,limited,have,still,seldom never,as,it is,who,may become,of the players,bureaucratic,embellish,other,Viruses,which,in,lives,directly,As the,few,stiffness
574 / 677,to take,will be,raises,has drank,but,capable,in,that,seldom never,as,it is,lives,is not,has,bureaucratic,embellish,scratched,theirs,more,most probably,humans,great,by moving,in,stiffness
203 / 677,are,likely,declines,too much,to hunt,capable,raising,sleeping,hear,if,interesting,lives,its,has,as well as,his,scratched,able,more,introduced,lives,directly,by moving,numerous,stiffness
612 / 677,to take,will be,raises,has drank,to hunt,capable,in,Despite,seldom never,as,it is,lives,is not,has,as well as,histories,other,theirs,is,in,humans,is,,little,occured
159 / 677,are,next week,,too much,,limited,of,still,hear,will,,lives,to a point,chosen,bureaucratic,,so strongly,extremely,is,introduced,million,effect,by moving,numerous,the most
215 / 677,to take,next week,of the dollar,has drank,to hunt,limited,have,still,seldom never,as,it is,who,may become,of the players,bureaucratic,embellish,other,Viruses,which,in,lives,is,As the,few,the most
147 / 677,mailing,next week,raises,too much,,capable,raising,still,seldom never,will,interesting,lives,to a point,to participate,bureaucratic,fictional,carbon atom,Viruses,During,in,bacteria,great,necessary,little,incubation
519 / 677,to take,next week,raises,to convince,primarily,capable,raising,still,had,if,it is,Before,may become,chosen,horrors,histories,carbon atom,Viruses,which,during,bacteria,directly,westerly,in,occured
610 / 677,to take,will be,raises,has drank,to hunt,capable,in,that,seldom never,as,it is,lives,is not,has,satirizes,histories,other,theirs,is,introduced,lives,great,westerly,in,occured
183 / 677,to take,will be,declines,too much,primarily,limited,in,that,had,enough,is,lives,to a point,to participate,as well as,embellish,carbon atom,extremely,During,introduced,lives,great,westerly,few,stiffness
131 / 677,are,will be,as,before,but,would be preserved,have,that,their,will,is,used to take,may become,of the players,as well as,fictional,so strongly,able,more,introduced,lives,directly,necessary,numerous,the most
409 / 677,are,likely,raises,too much,to hunt,in which,of,still,had,as,is,who,its,of the players,as well as,his,scratched,theirs,more,introduced,lives,is,by moving,numerous,stiffness
352 / 677,are,will be,declines,has drank,but,capable,have,sleeping,had,will,it is,used to take,to a point,of the players,horrors,fictional,so strongly,extremely,which,introduced,humans,great,by moving,numerous,occured
152 / 677,to take,next week,declines,has drank,living,capable,raising,sleeping,had,if,it is,used to take,may become,chosen,horrors,his,scratched,able,more,most probably,million,great,necessary,few,the most
342 / 677,meeting,to bloom,raises,has drank,to hunt,would be preserved,raising,sleeping,had,will,it is,who,to a point,chosen,satirizes,histories,so strongly,theirs,is,most probably,lives,directly,westerly,numerous,occured
487 / 677,mailing,will be,raises,has drank,to hunt,capable,in,Despite,their,as,it is,lives,is not,has,as well as,histories,carbon atom,Viruses,is,introduced,lives,great,westerly,in,occured
628 / 677,to take,will be,raises,has drank,to hunt,capable,in,that,seldom never,as,it is,lives,is not,has,as well as,histories,other,theirs,more,introduced,lives,great,westerly,in,occured
160 / 677,to take,next week,declines,too much,to hunt,would be preserved,raising,still,seldom never,if,interesting,who,is not,has,as well as,histories,other,extremely,more,introduced,bacteria,is,westerly,little,occured
583 / 677,to take,will be,raises,has drank,to hunt,capable,in,that,seldom never,as,it is,used to take,may become,has,satirizes,fictional,so strongly,able,is,most probably,lives,is,westerly,few,occured
171 / 677,mailing,to bloom,declines,before,to hunt,capable,of,still,their,if,interesting,Before,to a point,chosen,satirizes,his,so strongly,able,more,during,lives,great,As the,numerous,incubation
210 / 677,meeting,will be,raises,has drank,living,would be preserved,have,sleeping,hear,enough,is,Before,its,has,horrors,fictional,scratched,able,During,during,bacteria,great,necessary,numerous,incubation
170 / 677,meeting,will be,declines,too much,living,in which,raising,sleeping,their,enough,it is,Before,is not,has,satirizes,histories,scratched,theirs,is,most probably,bacteria,effect,by moving,little,occured
565 / 677,to take,will be,raises,has drank,to hunt,capable,in,,seldom never,will,it is,lives,is not,has,horrors,histories,so strongly,extremely,is,during,lives,great,westerly,few,occured
589 / 677,mailing,will be,raises,has drank,to hunt,capable,in,Despite,seldom never,as,is,lives,is not,has,horrors,fictional,so strongly,Viruses,During,in,bacteria,effect,westerly,few,incubation
331 / 677,to take,will be,raises,has drank,but,limited,raising,sleeping,seldom never,as,is,lives,may become,of the players,as well as,histories,scratched,able,is,in,bacteria,great,As the,numerous,stiffness
457 / 677,mailing,will be,raises,has drank,to hunt,would be preserved,in,Despite,seldom never,will,interesting,lives,is not,of the players,as well as,histories,scratched,able,is,introduced,humans,is,by moving,few,occured
197 / 677,meeting,will be,raises,has drank,to hunt,capable,in,sleeping,their,enough,interesting,who,may become,chosen,bureaucratic,fictional,scratched,theirs,more,in,humans,effect,westerly,numerous,stiffness
237 / 677,to take,likely,of the dollar,has drank,to hunt,in which,have,still,hear,enough,it is,used to take,may become,to participate,as well as,embellish,scratched,extremely,During,during,million,directly,by moving,little,occured
408 / 677,to take,to bloom,as,has drank,primarily,in which,raising,that,seldom never,if,is,who,its,of the players,satirizes,embellish,so strongly,Viruses,is,introduced,bacteria,is,westerly,numerous,occured
621 / 677,to take,will be,raises,has drank,to hunt,capable,in,that,seldom never,as,it is,who,is not,has,as well as,histories,other,theirs,is,introduced,humans,great,westerly,in,occured
288 / 677,meeting,to bloom,declines,has drank,primarily,capable,have,that,had,enough,interesting,Before,may become,to participate,as well as,embellish,carbon atom,theirs,During,most probably,lives,directly,As the,numerous,the most
623 / 677,to take,will be,raises,has drank,to hunt,capable,in,Despite,seldom never,as,it is,lives,is not,has,satirizes,histories,other,theirs,is,introduced,lives,great,westerly,in,occured
297 / 677,meeting,to bloom,raises,before,but,in which,have,still,had,as,is,who,its,has,as well as,fictional,carbon atom,extremely,is,during,bacteria,effect,westerly,little,stiffness
323 / 677,meeting,likely,raises,has drank,but,in which,raising,sleeping,seldom never,will,it is,lives,may become,of the players,satirizes,embellish,scratched,Viruses,is,introduced,humans,is,by moving,few,occured
534 / 677,to take,will be,raises,has drank,to hunt,capable,in,Despite,seldom never,will,it is,lives,is not,has,as well as,embellish,so strongly,Viruses,is,most probably,humans,is,westerly,few,stiffness
343 / 677,mailing,will be,raises,has drank,living,capable,in,Despite,seldom never,as,it is,lives,is not,has,as well as,histories,other,theirs,is,introduced,lives,great,westerly,in,occured
161 / 677,to take,will be,raises,to convince,primarily,would be preserved,raising,sleeping,seldom never,as,to read,Before,may become,has,bureaucratic,his,other,theirs,During,during,bacteria,effect,by moving,numerous,stiffness
222 / 677,to take,will be,raises,too much,to hunt,limited,raising,Despite,seldom never,if,interesting,lives,to a point,of the players,satirizes,embellish,so strongly,able,which,introduced,bacteria,is,by moving,few,the most
164 / 677,,next week,of the dollar,to convince,living,limited,raising,Despite,hear,as,to read,Before,may become,chosen,bureaucratic,embellish,carbon atom,theirs,more,introduced,bacteria,effect,by moving,in,stiffness
451 / 677,mailing,will be,raises,has drank,to hunt,capable,raising,Despite,seldom never,as,it is,who,is not,has,as well as,histories,other,able,is,introduced,lives,great,westerly,few,occured
138 / 677,meeting,will be,of the dollar,to convince,but,capable,have,Despite,seldom never,enough,interesting,,may become,to participate,bureaucratic,embellish,carbon atom,extremely,During,most probably,million,directly,westerly,numerous,incubation
266 / 677,to take,likely,as,before,living,limited,of,still,hear,will,it is,who,its,to participate,as well as,histories,other,able,is,most probably,lives,is,As the,few,occured
164 / 677,are,will be,of the dollar,before,but,limited,have,that,had,enough,it is,who,its,to participate,as well as,fictional,other,able,is,during,lives,is,As the,numerous,the most
623 / 677,to take,will be,raises,has drank,to hunt,capable,in,Despite,seldom never,as,it is,lives,is not,has,satirizes,histories,other,theirs,is,introduced,lives,great,westerly,in,occured
335 / 677,meeting,likely,as,has drank,to hunt,would be preserved,have,that,had,as,interesting,lives,its,chosen,satirizes,histories,so strongly,theirs,is,introduced,humans,directly,by moving,little,occured
324 / 677,are,likely,raises,too much,to hunt,in which,have,that,hear,as,it is,used to take,its,chosen,as well as,his,so strongly,extremely,is,during,lives,great,by moving,few,the most
118 / 677,to take,next week,of the dollar,too much,primarily,in which,of,still,had,will,it is,used to take,its,chosen,horrors,embellish,carbon atom,Viruses,During,most probably,bacteria,effect,necessary,few,occured
524 / 677,to take,will be,raises,has drank,to hunt,capable,in,that,seldom never,as,it is,lives,is not,has,satirizes,,scratched,able,more,most probably,lives,is,westerly,few,occured
191 / 677,meeting,will be,of the dollar,to convince,,would be preserved,raising,that,hear,enough,interesting,lives,its,to participate,as well as,histories,other,theirs,During,introduced,lives,great,westerly,few,occured
240 / 677,are,likely,as,has drank,to hunt,in which,of,that,seldom never,as,it is,lives,to a point,has,as well as,histories,other,theirs,more,during,lives,is,As the,little,occured
331 / 677,are,will be,as,has drank,living,capable,have,sleeping,hear,if,interesting,lives,is not,has,bureaucratic,fictional,scratched,theirs,is,introduced,million,directly,by moving,few,stiffness
239 / 677,mailing,will be,raises,before,to hunt,capable,raising,Despite,hear,enough,interesting,used to take,may become,chosen,horrors,fictional,carbon atom,theirs,During,most probably,lives,directly,As the,numerous,incubation
243 / 677,mailing,to bloom,as,before,primarily,in which,in,still,hear,if,to read,used to take,to a point,to participate,as well as,histories,scratched,Viruses,is,most probably,humans,great,necessary,few,occured
263 / 677,to take,will be,as,to convince,but,capable,of,that,hear,as,it is,used to take,its,has,horrors,embellish,other,theirs,more,in,bacteria,is,by moving,few,the most
499 / 677,to take,will be,declines,has drank,to hunt,in which,in,that,seldom never,as,it is,lives,is not,has,as well as,histories,other,theirs,which,introduced,lives,great,westerly,little,occured
321 / 677,to take,will be,raises,has drank,to hunt,capable,in,that,seldom never,as,it is,lives,is not,chosen,as well as,histories,scratched,Viruses,is,during,lives,is,As the,numerous,occured
147 / 677,mailing,to bloom,as,too much,primarily,in which,raising,sleeping,their,if,interesting,lives,to a point,has,horrors,histories,scratched,extremely,During,during,million,effect,westerly,numerous,the most
205 / 677,are,will be,raises,to convince,primarily,would be preserved,,sleeping,their,enough,it is,used to take,may become,of the players,bureaucratic,histories,so strongly,extremely,which,most probably,lives,is,by moving,numerous,the most
264 / 677,are,will be,raises,too much,primarily,capable,of,still,hear,as,to read,Before,may become,has,horrors,his,other,Viruses,which,,lives,great,necessary,little,stiffness
225 / 677,are,likely,raises,before,but,in which,have,Despite,their,will,is,who,is not,of the players,horrors,histories,carbon atom,Viruses,which,most probably,bacteria,effect,necessary,little,stiffness
374 / 677,meeting,will be,raises,has drank,to hunt,capable,raising,that,seldom never,as,it is,lives,is not,has,bureaucratic,histories,so strongly,able,is,most probably,million,great,westerly,few,occured
569 / 677,to take,will be,raises,has drank,to hunt,capable,of,still,seldom never,will,it is,lives,is not,has,bureaucratic,histories,carbon atom,able,is,most probably,lives,directly,As the,little,occured
552 / 677,to take,will be,raises,has drank,to hunt,capable,in,Despite,their,as,it is,lives,is not,has,as well as,his,so strongly,Viruses,is,most probably,lives,great,As the,little,occured
370 / 677,to take,will be,raises,has drank,to hunt,capable,in,Despite,seldom never,as,is,lives,is not,has,as well as,his,so strongly,Viruses,more,introduced,lives,is,As the,in,occured
326 / 677,to take,likely,declines,has drank,but,in which,raising,Despite,seldom never,enough,interesting,who,is not,has,as well as,fictional,so strongly,Viruses,which,during,million,great,As the,numerous,occured
574 / 677,mailing,to bloom,raises,has drank,to hunt,capable,raising,Despite,hear,enough,it is,lives,is not,has,as well as,histories,other,theirs,is,introduced,lives,is,by moving,in,occured
303 / 677,are,to bloom,raises,too much,to hunt,capable,have,still,seldom never,as,it is,used to take,to a point,to participate,bureaucratic,histories,carbon atom,Viruses,which,introduced,bacteria,effect,necessary,few,the most
244 / 677,mailing,next week,raises,to convince,to hunt,capable,raising,sleeping,had,enough,interesting,lives,to a point,chosen,satirizes,fictional,scratched,extremely,During,most probably,lives,directly,westerly,numerous,incubation
161 / 677,to take,to bloom,declines,has drank,to hunt,would be preserved,raising,sleeping,hear,enough,interesting,lives,to a point,chosen,bureaucratic,fictional,carbon atom,Viruses,more,most probably,,,,,incubation
530 / 677,to take,likely,raises,has drank,to hunt,capable,raising,Despite,had,will,it is,lives,is not,of the players,bureaucratic,fictional,carbon atom,able,During,during,lives,great,by moving,in,stiffness
556 / 677,to take,likely,of the dollar,has drank,to hunt,capable,raising,Despite,had,will,it is,lives,its,of the players,bureaucratic,fictional,other,able,During,during,lives,great,by moving,in,stiffness
331 / 677,mailing,will be,as,to convince,but,in which,have,that,their,as,it is,who,its,chosen,as well as,his,other,able,more,during,lives,effect,As the,few,the most
550 / 677,to take,likely,raises,has drank,to hunt,capable,raising,Despite,had,will,it is,who,is not,of the players,bureaucratic,fictional,carbon atom,able,During,during,lives,great,by moving,in,stiffness
255 / 677,to take,likely,declines,to convince,but,capable,raising,sleeping,seldom never,will,it is,used to take,its,has,horrors,his,so strongly,able,is,most probably,lives,directly,westerly,little,stiffness
555 / 677,to take,will be,raises,has drank,to hunt,capable,in,that,seldom never,as,it is,lives,is not,has,as well as,histories,so strongly,able,which,during,bacteria,great,necessary,in,the most
221 / 677,to take,to bloom,raises,has drank,primarily,would be preserved,in,Despite,seldom never,will,is,used to take,may become,to participate,horrors,his,carbon atom,theirs,which,most probably,humans,directly,As the,numerous,the most
454 / 677,to take,will be,raises,has drank,to hunt,capable,in,Despite,their,will,is,lives,is not,has,as well as,histories,other,able,more,introduced,bacteria,effect,necessary,numerous,incubation
631 / 677,to take,will be,raises,has drank,to hunt,capable,in,that,seldom never,as,it is,lives,is not,has,satirizes,histories,other,theirs,is,introduced,lives,great,westerly,in,occured
171 / 677,are,likely,as,has drank,primarily,in which,of,Despite,their,as,is,,to a point,chosen,bureaucratic,embellish,scratched,Viruses,is,introduced,lives,great,As the,little,stiffness
370 / 677,to take,will be,raises,has drank,to hunt,capable,in,Despite,their,as,it is,lives,is not,has,satirizes,fictional,so strongly,theirs,more,in,lives,effect,necessary,little,occured
521 / 677,to take,will be,raises,has drank,to hunt,capable,in,,seldom never,will,it is,lives,is not,has,as well as,histories,other,theirs,is,introduced,lives,great,westerly,in,occured
628 / 677,to take,will be,raises,has drank,to hunt,capable,in,that,seldom never,as,is,lives,is not,has,as well as,his,other,theirs,is,most probably,lives,great,westerly,in,occured
562 / 677,to take,will be,raises,has drank,to hunt,capable,in,that,seldom never,as,it is,lives,is not,has,satirizes,his,carbon atom,theirs,which,during,humans,effect,by moving,few,incubation
630 / 677,to take,will be,raises,has drank,to hunt,capable,in,that,seldom never,as,it is,lives,is not,has,as well as,his,other,theirs,is,most probably,lives,great,westerly,in,occured
240 / 677,to take,likely,as,before,to hunt,capable,have,that,hear,as,interesting,used to take,to a point,of the players,horrors,embellish,so strongly,able,more,in,bacteria,is,As the,in,stiffness
460 / 677,to take,will be,raises,has drank,to hunt,capable,in,Despite,seldom never,as,it is,lives,is not,has,satirizes,histories,other,theirs,is,introduced,lives,great,westerly,in,occured
628 / 677,to take,will be,raises,has drank,to hunt,capable,in,that,seldom never,as,it is,lives,is not,has,as well as,his,other,theirs,is,introduced,lives,great,westerly,in,occured
628 / 677,to take,will be,raises,has drank,to hunt,capable,in,that,seldom never,as,it is,lives,is not,has,as well as,his,other,theirs,is,introduced,lives,great,westerly,in,occured
418 / 677,to take,likely,as,to convince,to hunt,limited,in,that,seldom never,as,interesting,used to take,is not,has,horrors,embellish,scratched,theirs,is,in,million,is,westerly,numerous,occured
136 / 677,meeting,will be,of the dollar,before,but,limited,have,sleeping,had,enough,to read,Before,is not,to participate,horrors,histories,so strongly,able,is,most probably,humans,great,by moving,in,the most
153 / 677,are,will be,declines,too much,primarily,limited,have,still,their,enough,interesting,used to take,may become,to participate,horrors,histories,,theirs,which,introduced,million,effect,westerly,little,the most
490 / 677,to take,will be,raises,has drank,to hunt,capable,in,sleeping,seldom never,as,it is,lives,is not,has,as well as,histories,so strongly,Viruses,is,in,humans,directly,westerly,in,occured
272 / 677,mailing,likely,raises,to convince,primarily,in which,raising,still,seldom never,if,it is,used to take,to a point,of the players,bureaucratic,embellish,so strongly,Viruses,During,introduced,bacteria,effect,As the,numerous,occured
339 / 677,meeting,to bloom,declines,has drank,to hunt,capable,raising,that,seldom never,as,it is,lives,may become,chosen,satirizes,fictional,other,extremely,more,most probably,humans,directly,As the,numerous,occured
363 / 677,mailing,will be,raises,too much,to hunt,limited,in,Despite,had,as,it is,who,is not,of the players,as well as,histories,scratched,Viruses,During,introduced,million,is,westerly,few,incubation
205 / 677,to take,will be,raises,has drank,to hunt,would be preserved,have,Despite,had,if,it is,used to take,is not,to participate,as well as,his,so strongly,extremely,During,most probably,bacteria,great,necessary,numerous,occured
321 / 677,are,will be,raises,has drank,to hunt,capable,of,that,seldom never,as,it is,used to take,is not,has,as well as,histories,so strongly,able,is,in,million,is,As the,in,occured
543 / 677,to take,will be,raises,has drank,to hunt,capable,in,Despite,seldom never,will,to read,used to take,is not,has,bureaucratic,his,carbon atom,able,more,most probably,humans,effect,As the,in,incubation
512 / 677,are,likely,as,too much,but,in which,have,that,seldom never,as,it is,who,its,of the players,as well as,embellish,other,theirs,is,introduced,lives,great,westerly,in,occured
376 / 677,are,will be,raises,has drank,to hunt,would be preserved,in,that,hear,if,it is,lives,its,of the players,satirizes,embellish,scratched,theirs,is,most probably,humans,is,As the,in,stiffness
323 / 677,to take,likely,as,has drank,living,in which,in,sleeping,had,as,it is,used to take,its,has,horrors,histories,so strongly,theirs,is,during,lives,is,westerly,numerous,occured
303 / 677,mailing,will be,raises,has drank,to hunt,capable,in,that,their,as,it is,who,to a point,of the players,as well as,his,other,theirs,is,during,bacteria,is,As the,little,stiffness
549 / 677,to take,will be,raises,has drank,to hunt,capable,in,Despite,their,will,it is,lives,is not,has,satirizes,histories,other,theirs,is,during,humans,is,by moving,in,occured
369 / 677,mailing,will be,raises,to convince,to hunt,capable,in,Despite,seldom never,as,to read,used to take,may become,to participate,satirizes,embellish,scratched,able,is,during,lives,great,by moving,few,occured
357 / 677,are,likely,as,has drank,primarily,in which,in,that,had,enough,interesting,Before,its,has,horrors,histories,scratched,theirs,is,introduced,humans,great,by moving,numerous,occured
149 / 677,mailing,next week,as,has drank,to hunt,capable,of,Despite,had,as,it is,lives,its,to participate,as well as,fictional,other,Viruses,more,during,lives,directly,As the,few,occured
204 / 677,mailing,to bloom,of the dollar,before,primarily,would be preserved,raising,sleeping,seldom never,as,it is,used to take,to a point,chosen,horrors,histories,so strongly,extremely,which,introduced,lives,effect,necessary,numerous,stiffness
324 / 677,mailing,likely,declines,to convince,primarily,capable,have,still,had,as,is,lives,is not,to participate,bureaucratic,his,other,extremely,more,during,million,great,by moving,in,the most
296 / 677,meeting,to bloom,as,before,primarily,capable,raising,sleeping,seldom never,enough,interesting,used to take,may become,to participate,as well as,his,so strongly,Viruses,more,most probably,humans,great,westerly,little,incubation
180 / 677,mailing,to bloom,declines,has drank,but,limited,of,that,seldom never,enough,is,used to take,to a point,chosen,satirizes,embellish,so strongly,extremely,which,most probably,bacteria,directly,by moving,little,stiffness
167 / 677,meeting,likely,declines,too much,living,would be preserved,have,still,hear,if,interesting,lives,to a point,to participate,horrors,histories,so strongly,Viruses,During,introduced,bacteria,effect,by moving,numerous,incubation
268 / 677,to take,likely,as,before,living,would be preserved,in,Despite,seldom never,as,it is,used to take,may become,of the players,satirizes,his,so strongly,able,is,in,lives,directly,necessary,few,the most
184 / 677,are,likely,declines,before,to hunt,would be preserved,raising,sleeping,had,will,to read,lives,may become,chosen,satirizes,his,scratched,Viruses,is,most probably,lives,directly,necessary,few,stiffness
253 / 677,mailing,likely,as,too much,but,limited,of,still,had,as,it is,used to take,to a point,has,as well as,embellish,so strongly,extremely,more,most probably,lives,directly,As the,in,stiffness
257 / 677,mailing,will be,raises,has drank,to hunt,capable,of,Despite,seldom never,will,to read,used to take,is not,has,bureaucratic,his,so strongly,able,which,most probably,lives,is,by moving,in,the most
305 / 677,mailing,will be,raises,has drank,to hunt,would be preserved,raising,Despite,seldom never,as,it is,lives,is not,has,as well as,histories,so strongly,theirs,is,introduced,million,is,by moving,few,the most
270 / 677,to take,will be,raises,has drank,to hunt,capable,in,that,seldom never,as,it is,lives,is not,of the players,as well as,his,so strongly,Viruses,is,in,million,great,by moving,few,stiffness
246 / 677,to take,will be,raises,has drank,to hunt,capable,in,that,seldom never,as,it is,lives,is not,of the players,horrors,embellish,so strongly,extremely,which,most probably,million,effect,westerly,few,stiffness
294 / 677,to take,will be,raises,has drank,to hunt,capable,in,Despite,,as,it is,lives,is not,has,as well as,his,other,theirs,is,introduced,humans,is,As the,in,the most
518 / 677,to take,to bloom,raises,has drank,living,in which,in,sleeping,seldom never,as,it is,lives,may become,to participate,as well as,histories,so strongly,theirs,is,introduced,lives,is,westerly,numerous,stiffness
357 / 677,to take,to bloom,as,to convince,to hunt,capable,in,that,seldom never,as,it is,lives,may become,has,satirizes,histories,so strongly,theirs,is,most probably,million,directly,by moving,few,occured
181 / 677,mailing,likely,of the dollar,before,to hunt,in which,of,still,hear,as,to read,Before,may become,of the players,horrors,histories,so strongly,extremely,which,during,humans,is,westerly,numerous,incubation
295 / 677,mailing,will be,raises,has drank,but,capable,in,Despite,seldom never,as,it is,lives,may become,has,as well as,histories,so strongly,theirs,is,introduced,lives,great,westerly,numerous,occured
526 / 677,meeting,will be,raises,has drank,to hunt,capable,in,Despite,seldom never,if,to read,Before,may become,to participate,bureaucratic,embellish,,Viruses,which,introduced,million,is,necessary,little,stiffness
226 / 677,mailing,likely,raises,before,living,limited,of,that,seldom never,will,it is,used to take,may become,of the players,as well as,embellish,scratched,able,is,most probably,bacteria,is,necessary,numerous,occured
575 / 677,to take,will be,raises,has drank,to hunt,capable,in,that,seldom never,enough,it is,lives,is not,to participate,bureaucratic,fictional,so strongly,extremely,is,most probably,bacteria,directly,necessary,numerous,the most
311 / 677,to take,will be,raises,has drank,to hunt,capable,in,Despite,seldom never,will,it is,lives,is not,has,as well as,histories,other,theirs,is,introduced,lives,great,westerly,in,occured
591 / 677,to take,will be,raises,has drank,to hunt,capable,in,Despite,had,enough,it is,who,may become,has,satirizes,embellish,scratched,able,is,in,lives,great,westerly,in,occured
397 / 677,mailing,will be,raises,has drank,to hunt,capable,in,Despite,seldom never,will,to read,used to take,is not,has,satirizes,histories,other,extremely,is,most probably,bacteria,is,necessary,numerous,occured
583 / 677,mailing,will be,raises,has drank,to hunt,capable,in,Despite,seldom never,will,it is,lives,is not,has,as well as,histories,other,theirs,is,introduced,lives,great,westerly,in,occured
235 / 677,to take,will be,of the dollar,too much,but,limited,raising,Despite,their,as,it is,used to take,is not,has,horrors,his,scratched,able,During,introduced,humans,is,necessary,little,occured
165 / 677,meeting,likely,declines,too much,living,in which,in,that,seldom never,if,it is,who,its,to participate,as well as,his,so strongly,Viruses,more,in,lives,is,by moving,little,occured